model_path,experiment_name,precision,recall,map50,map50_95,fitness
../experiments/y11_ep100/weights/best.pt,y11_ep100,0.9305872348334568,0.5936940164815478,0.7395440868170742,0.534114316243888,0.5546572933012067
