model_path,experiment_name,precision,recall,map50,map50_95,fitness
../experiments/y8_ep100/weights/best.pt,y8_ep100,0.9476811564182884,0.5088226365559445,0.6897554180157128,0.45852892464280914,0.4816515739800995
